id,first_name,last_name,email,gender,ip_address
1,Hyacinthie,Durnin,hdurnin0@woothemes.com,Female,213.194.95.149
2,Killie,Radin,kradin1@engadget.com,Male,186.31.178.69
3,Chancey,Huccaby,chuccaby2@census.gov,Male,85.103.204.87
4,Bil,Battersby,bbattersby3@wisc.edu,Bigender,61.180.207.109
5,Cristian,Stacy,cstacy4@thetimes.co.uk,Male,144.210.46.235
6,Lorilee,Perritt,lperritt5@sfgate.com,Female,1.175.114.253
7,Ryan,Petruska,rpetruska6@amazon.co.jp,Male,15.19.26.106
8,Auroora,Garett,agarett7@friendfeed.com,Female,30.209.190.32
9,Joanne,Gaine of England,jgaineofengland8@ustream.tv,Female,53.2.204.137
10,Antin,Burgisi,aburgisi9@newyorker.com,Male,147.139.138.125
11,Colman,Jullian,cjulliana@washingtonpost.com,Male,43.164.57.1
12,Far,Ghidoli,fghidolib@msn.com,Male,55.24.206.45
13,Rhonda,Stewart,rstewartc@youtube.com,Female,173.38.223.32
14,Berny,Teliga,bteligad@mit.edu,Female,190.36.111.172
15,Konstantin,Coppeard,kcoppearde@apple.com,Polygender,78.157.147.77
16,Nollie,Lemin,nleminf@barnesandnoble.com,Male,19.226.61.203
17,Lonna,Tick,ltickg@mapy.cz,Female,40.102.114.17
18,Amberly,Skuse,askuseh@umich.edu,Female,76.226.249.245
19,Lawton,Gregor,lgregori@vkontakte.ru,Male,192.117.137.212
20,Jeffry,Shyre,jshyrej@is.gd,Male,146.101.72.20
21,Chase,Jovasevic,cjovasevick@washingtonpost.com,Male,170.241.124.139
22,Sena,Paffitt,spaffittl@webs.com,Female,10.251.139.150
23,Cindee,Ockenden,cockendenm@hugedomains.com,Female,118.10.202.69
24,Siffre,Aspland,sasplandn@unblog.fr,Male,182.216.153.197
25,Alina,Chapelle,achapelleo@oracle.com,Female,47.153.45.138
26,Astrix,Crowcombe,acrowcombep@netlog.com,Female,33.10.82.180
27,Bronnie,Gasken,bgaskenq@ucoz.ru,Male,56.41.87.32
28,Doris,Shoesmith,dshoesmithr@bing.com,Polygender,108.230.81.199
29,Adey,Hourigan,ahourigans@answers.com,Female,234.121.133.228
30,Abagael,Halbard,ahalbardt@mediafire.com,Female,148.47.47.187
31,Annice,Reek,areeku@elpais.com,Female,15.91.179.127
32,Anders,Boncore,aboncorev@123-reg.co.uk,Male,111.5.217.22
33,Aubree,Grichukhanov,agrichukhanovw@shop-pro.jp,Female,108.110.88.247
34,Jaime,Froude,jfroudex@un.org,Male,1.28.51.40
35,Binni,Eliff,beliffy@surveymonkey.com,Female,232.220.149.31
36,Flora,Parrington,fparringtonz@cnbc.com,Female,109.185.115.43
37,Jessy,Tawton,jtawton10@google.com.au,Female,209.250.56.105
38,Forrest,Langthorne,flangthorne11@arstechnica.com,Male,57.82.122.202
39,Pooh,Coxon,pcoxon12@un.org,Female,23.232.136.60
40,Mag,Shieldon,mshieldon13@narod.ru,Female,225.41.168.177
41,Meyer,Spedroni,mspedroni14@wiley.com,Male,244.84.207.147
42,Niall,Grinyov,ngrinyov15@nasa.gov,Bigender,228.35.185.235
43,Pauly,Phateplace,pphateplace16@arizona.edu,Female,103.72.126.219
44,Perren,Duggan,pduggan17@pcworld.com,Male,38.231.226.156
45,Georgianna,Quarmby,gquarmby18@wsj.com,Female,96.132.91.179
46,Christian,Mardall,cmardall19@hexun.com,Female,28.239.187.158
47,Torey,O'Fearguise,tofearguise1a@house.gov,Male,213.228.78.19
48,Nicolas,Ealden,nealden1b@a8.net,Non-binary,23.169.204.25
49,Knox,Blomefield,kblomefield1c@booking.com,Male,233.157.66.172
50,Alanah,Fealey,afealey1d@ft.com,Female,232.1.181.76
51,Udale,Brampton,ubrampton1e@reddit.com,Male,3.61.59.121
52,Ronni,Saiger,rsaiger1f@virginia.edu,Female,174.95.40.176
53,Maisey,Raddin,mraddin1g@drupal.org,Female,51.80.220.171
54,Sabine,Colclough,scolclough1h@spiegel.de,Female,246.67.165.154
55,Christin,Sherme,csherme1i@gmpg.org,Female,99.32.208.54
56,Hobard,Walisiak,hwalisiak1j@sohu.com,Non-binary,127.140.23.131
57,Welch,Bastick,wbastick1k@macromedia.com,Male,22.201.245.2
58,Margaux,Leverton,mleverton1l@yolasite.com,Female,207.204.159.66
59,Garrick,Stubbeley,gstubbeley1m@nyu.edu,Male,138.121.111.233
60,Sebastien,Cawt,scawt1n@goodreads.com,Male,218.199.209.202
61,Shelley,Malley,smalley1o@abc.net.au,Genderfluid,104.147.187.117
62,Hale,Cestard,hcestard1p@icio.us,Male,31.115.181.120
63,Pietro,Glossup,pglossup1q@utexas.edu,Male,235.109.150.121
64,Callean,Yurivtsev,cyurivtsev1r@dagondesign.com,Non-binary,188.191.141.217
65,Nolana,Sturges,nsturges1s@google.com.au,Female,230.213.175.61
66,Darcy,Ruberry,druberry1t@auda.org.au,Female,82.236.205.85
67,Eilis,Cooksey,ecooksey1u@yellowpages.com,Female,47.225.111.122
68,Tracie,Pattesall,tpattesall1v@indiegogo.com,Female,234.239.108.220
69,Belicia,Falkous,bfalkous1w@abc.net.au,Female,234.231.41.153
70,Bibby,Polding,bpolding1x@addtoany.com,Female,158.184.140.15
71,Barbara-anne,Scotchmore,bscotchmore1y@joomla.org,Female,186.46.170.175
72,Lucias,Tansly,ltansly1z@jimdo.com,Male,18.170.79.251
73,Franky,Getsham,fgetsham20@bluehost.com,Male,25.62.209.240
74,Carlo,Widdicombe,cwiddicombe21@census.gov,Male,60.111.245.20
75,Cesare,Turfs,cturfs22@washington.edu,Male,73.30.243.151
76,Elane,Chastel,echastel23@ovh.net,Female,112.72.6.177
77,Carree,Pettifer,cpettifer24@ustream.tv,Female,32.85.58.47
78,Oliver,Rohfsen,orohfsen25@wiley.com,Genderfluid,2.175.210.200
79,Redford,Tomaello,rtomaello26@angelfire.com,Male,198.177.205.89
80,Eveleen,Tapley,etapley27@cyberchimps.com,Female,223.134.199.160
81,Analiese,Tidy,atidy28@java.com,Female,61.30.44.9
82,Denna,Husher,dhusher29@hud.gov,Female,37.226.103.137
83,Jeffry,Guppy,jguppy2a@edublogs.org,Male,216.145.76.189
84,Magnum,O'Mara,momara2b@networkadvertising.org,Male,84.247.198.171
85,Jan,St. Leger,jstleger2c@tumblr.com,Male,86.180.158.208
86,Vergil,Hullot,vhullot2d@thetimes.co.uk,Male,98.13.2.78
87,Elvina,Shortland,eshortland2e@1und1.de,Female,236.210.228.197
88,Dedie,Clitherow,dclitherow2f@geocities.jp,Female,97.96.154.211
89,Sonnnie,Simonazzi,ssimonazzi2g@prnewswire.com,Genderqueer,253.137.11.13
90,Art,Prophet,aprophet2h@4shared.com,Male,102.76.230.95
91,Emlyn,Di Gregorio,edigregorio2i@simplemachines.org,Female,239.146.102.110
92,Gale,D'Antonio,gdantonio2j@washington.edu,Male,66.109.89.54
93,Hadleigh,Jealous,hjealous2k@indiegogo.com,Genderfluid,219.85.93.17
94,Hank,Henzer,hhenzer2l@quantcast.com,Male,1.189.44.146
95,Vaclav,Giacobelli,vgiacobelli2m@addthis.com,Male,18.132.224.67
96,Nev,Troman,ntroman2n@si.edu,Male,229.63.167.69
97,Anabal,Petyanin,apetyanin2o@tiny.cc,Female,20.153.38.26
98,Vicki,Coom,vcoom2p@about.me,Female,83.240.3.139
99,Allen,Barrack,abarrack2q@latimes.com,Male,198.214.182.214
100,Krystle,Vaneev,kvaneev2r@google.com.br,Non-binary,231.141.192.228
101,Lisbeth,Cerman,lcerman2s@adobe.com,Female,107.83.155.129
102,Ezmeralda,Olyfant,eolyfant2t@statcounter.com,Female,244.199.140.143
103,Godiva,Surgenor,gsurgenor2u@edublogs.org,Female,153.229.247.125
104,Euphemia,Wasbrough,ewasbrough2v@trellian.com,Female,10.220.177.3
105,Parsifal,Gunning,pgunning2w@t.co,Male,82.94.43.138
106,Marjorie,Cosbey,mcosbey2x@ustream.tv,Non-binary,21.22.25.39
107,Raphael,Cooley,rcooley2y@time.com,Bigender,73.114.104.58
108,Tony,Percy,tpercy2z@angelfire.com,Male,18.3.224.71
109,Maressa,Chatten,mchatten30@vimeo.com,Female,254.8.174.221
110,Nariko,Parr,nparr31@seattletimes.com,Female,133.156.135.3
111,Dimitry,Adcocks,dadcocks32@woothemes.com,Male,182.0.27.98
112,Briney,Whines,bwhines33@wordpress.org,Female,58.96.40.218
113,Birgitta,Byas,bbyas34@hhs.gov,Female,174.16.77.224
114,Rayner,Papaminas,rpapaminas35@cocolog-nifty.com,Genderqueer,86.154.161.253
115,Wye,Markussen,wmarkussen36@amazonaws.com,Male,8.77.232.243
116,Augustine,Bramont,abramont37@epa.gov,Male,69.79.4.31
117,Brodie,Pikett,bpikett38@163.com,Male,153.237.15.103
118,Park,Ogle,pogle39@webeden.co.uk,Male,215.174.243.160
119,Darleen,Lewin,dlewin3a@soup.io,Female,179.143.95.216
120,Kit,Jakeway,kjakeway3b@geocities.jp,Female,146.187.121.117
121,Callie,Rispine,crispine3c@amazon.de,Female,96.131.207.5
122,Emmy,Klimkov,eklimkov3d@behance.net,Male,36.235.160.60
123,Dilan,Crosthwaite,dcrosthwaite3e@alibaba.com,Male,184.155.72.131
124,Charo,Rainsbury,crainsbury3f@ted.com,Female,196.232.153.214
125,Jenny,Gavrielly,jgavrielly3g@about.me,Female,194.168.102.19
126,Ailbert,Stryde,astryde3h@biblegateway.com,Male,241.252.234.52
127,Pepi,Garbott,pgarbott3i@statcounter.com,Female,173.14.198.117
128,Rhianna,Whitlam,rwhitlam3j@godaddy.com,Bigender,108.16.51.7
129,Brigitta,Hebard,bhebard3k@state.tx.us,Female,11.104.157.102
130,Florie,Leah,fleah3l@xinhuanet.com,Female,162.140.180.148
131,Felic,Ivan,fivan3m@mysql.com,Male,153.10.199.245
132,Dorothy,Keems,dkeems3n@cbsnews.com,Female,172.248.31.237
133,Penni,Padwick,ppadwick3o@meetup.com,Female,120.137.244.41
134,Susana,Lealle,slealle3p@statcounter.com,Non-binary,168.28.107.50
135,Myer,Kleehuhler,mkleehuhler3q@ihg.com,Male,224.229.5.236
136,Nelia,Hadcroft,nhadcroft3r@cbc.ca,Female,25.140.144.90
137,Marwin,Poller,mpoller3s@de.vu,Genderqueer,145.192.146.196
138,Brigid,Gockelen,bgockelen3t@phpbb.com,Female,83.198.217.207
139,Hammad,Frie,hfrie3u@mac.com,Male,158.209.11.107
140,Lurline,Carabine,lcarabine3v@github.io,Female,190.45.250.235
141,Rory,Edmondson,redmondson3w@cpanel.net,Male,111.57.236.58
142,Loraine,Ameer-Beg,lameerbeg3x@businessweek.com,Female,208.93.146.85
143,Ibbie,Bingham,ibingham3y@springer.com,Female,222.47.103.81
144,Ivy,Rilston,irilston3z@mayoclinic.com,Female,18.148.247.149
145,Aurilia,Souten,asouten40@freewebs.com,Female,217.20.24.193
146,Arlee,Burfitt,aburfitt41@newsvine.com,Female,201.219.122.47
147,Alastair,Jerger,ajerger42@oaic.gov.au,Male,254.87.245.101
148,Mufinella,Gehringer,mgehringer43@cpanel.net,Female,148.64.148.101
149,Estevan,Cardenoza,ecardenoza44@printfriendly.com,Male,114.156.191.215
150,Dallas,Dark,ddark45@stumbleupon.com,Male,172.210.42.7
151,Bartlet,Filchakov,bfilchakov46@si.edu,Male,157.114.135.46
152,Ingrim,Pagitt,ipagitt47@twitpic.com,Bigender,110.204.4.90
153,Stanislas,Gardiner,sgardiner48@dailymotion.com,Male,40.170.132.217
154,Doti,Stubbings,dstubbings49@pagesperso-orange.fr,Female,221.190.93.40
155,Sandra,Lardiner,slardiner4a@rambler.ru,Agender,138.104.37.112
156,Cull,Gillyett,cgillyett4b@imdb.com,Male,42.207.135.79
157,Britt,Dorant,bdorant4c@cisco.com,Female,244.142.222.254
158,Marlie,Roundtree,mroundtree4d@slate.com,Female,55.188.54.213
159,Salvatore,Ferrolli,sferrolli4e@deliciousdays.com,Male,87.242.117.208
160,Jakob,Kenforth,jkenforth4f@icio.us,Male,41.112.187.218
161,Berri,Wills,bwills4g@gmpg.org,Female,201.240.96.221
162,Aurore,Samett,asamett4h@cnbc.com,Female,181.90.133.109
163,Nichole,Akers,nakers4i@meetup.com,Female,165.99.162.136
164,Elfrida,Moffat,emoffat4j@cnn.com,Female,8.88.188.63
165,Cristy,Finnick,cfinnick4k@unc.edu,Female,61.121.76.151
166,Micaela,Cooch,mcooch4l@businessweek.com,Genderfluid,181.251.188.134
167,Micheil,Drayson,mdrayson4m@timesonline.co.uk,Male,29.74.156.188
168,Dennison,Mavin,dmavin4n@prlog.org,Genderfluid,196.61.156.68
169,Justino,Fairbanks,jfairbanks4o@guardian.co.uk,Male,15.207.76.243
170,Leeland,Pervew,lpervew4p@networkadvertising.org,Male,119.185.66.223
171,Johannah,Stockow,jstockow4q@de.vu,Female,253.61.103.191
172,Franciskus,Anthony,fanthony4r@1und1.de,Male,130.203.210.108
173,Mark,Gethings,mgethings4s@1688.com,Male,73.197.155.94
174,Leon,Petric,lpetric4t@about.com,Male,28.103.91.117
175,Marsiella,Berling,mberling4u@theglobeandmail.com,Female,143.136.43.145
176,Gard,Cadigan,gcadigan4v@wufoo.com,Male,58.97.55.155
177,Antonina,Slaight,aslaight4w@twitter.com,Female,236.185.157.145
178,Sheryl,Dinwoodie,sdinwoodie4x@nationalgeographic.com,Female,28.79.184.195
179,Kathlin,Gristwood,kgristwood4y@uol.com.br,Female,214.140.186.232
180,Jasper,Welldrake,jwelldrake4z@ning.com,Male,187.19.144.248
181,Bekki,Monnelly,bmonnelly50@netvibes.com,Female,72.227.70.119
182,Hernando,Daviddi,hdaviddi51@cnn.com,Male,41.11.25.107
183,Mac,Lawford,mlawford52@hexun.com,Male,146.192.137.60
184,Cyrille,Semkins,csemkins53@aboutads.info,Male,216.11.145.191
185,Elmo,Solley,esolley54@macromedia.com,Male,68.162.232.87
186,Gradeigh,Garbutt,ggarbutt55@hao123.com,Male,162.254.253.151
187,Rocky,Lailey,rlailey56@unblog.fr,Male,128.100.147.56
188,Carl,Monroe,cmonroe57@cpanel.net,Male,86.75.210.27
189,Kaspar,Jessopp,kjessopp58@amazonaws.com,Male,21.169.213.40
190,Kendre,Lisimore,klisimore59@army.mil,Female,217.177.105.38
191,Verney,Viant,vviant5a@fda.gov,Male,87.101.1.213
192,Judye,Wass,jwass5b@blogspot.com,Female,202.197.3.107
193,Wallie,Murname,wmurname5c@goo.ne.jp,Female,38.83.106.164
194,Pris,Pechell,ppechell5d@slashdot.org,Female,194.81.167.210
195,Adelice,Brann,abrann5e@sbwire.com,Female,217.96.44.113
196,Merrel,O'Dogherty,modogherty5f@reddit.com,Male,214.251.32.67
197,Stella,Tongue,stongue5g@sohu.com,Female,46.48.131.215
198,Townsend,Tomashov,ttomashov5h@drupal.org,Male,215.58.13.117
199,Ruth,Gebhard,rgebhard5i@woothemes.com,Female,50.63.201.93
200,Van,Cuvley,vcuvley5j@howstuffworks.com,Male,213.28.153.99
201,Gerhardine,Rosoman,grosoman5k@alibaba.com,Female,35.60.255.219
202,Josselyn,Puddan,jpuddan5l@buzzfeed.com,Bigender,76.54.84.56
203,Clemens,Longhurst,clonghurst5m@de.vu,Male,104.54.138.208
204,Silvio,Merriott,smerriott5n@cornell.edu,Male,125.32.95.254
205,Chad,Delahunty,cdelahunty5o@ow.ly,Male,148.150.40.189
206,Kilian,Noraway,knoraway5p@marketwatch.com,Male,255.154.103.235
207,Giacobo,Ruffell,gruffell5q@cnn.com,Male,179.102.252.161
208,Marena,Brabyn,mbrabyn5r@google.pl,Female,33.151.231.227
209,Kort,Purdy,kpurdy5s@princeton.edu,Male,108.148.235.168
210,Allissa,Heckney,aheckney5t@phoca.cz,Female,241.203.86.244
211,Vachel,Yesinin,vyesinin5u@gov.uk,Agender,249.144.131.106
212,Noll,Hailey,nhailey5v@odnoklassniki.ru,Male,213.54.117.182
213,Tara,Gorgler,tgorgler5w@fema.gov,Female,79.89.42.68
214,Jessalin,Flute,jflute5x@dedecms.com,Agender,29.16.155.58
215,Nickolas,Teideman,nteideman5y@liveinternet.ru,Male,203.9.80.137
216,Raimund,Pattington,rpattington5z@apple.com,Male,150.163.136.248
217,Sam,Behnecken,sbehnecken60@ustream.tv,Male,133.201.233.106
218,Giulietta,Rysom,grysom61@senate.gov,Female,91.18.91.212
219,Brady,Giacovetti,bgiacovetti62@loc.gov,Male,141.85.242.7
220,Daren,Widdison,dwiddison63@liveinternet.ru,Male,51.45.0.29
221,Christan,Impey,cimpey64@gmpg.org,Female,165.175.231.69
222,Morry,Muirhead,mmuirhead65@howstuffworks.com,Male,149.103.82.170
223,Yule,Franzini,yfranzini66@hao123.com,Male,220.140.124.64
224,Rolfe,Fildes,rfildes67@skyrock.com,Male,91.228.196.83
225,Moore,Henrot,mhenrot68@thetimes.co.uk,Male,7.66.61.210
226,Osborne,Gheeraert,ogheeraert69@foxnews.com,Male,201.214.3.3
227,Dennison,Rowlin,drowlin6a@disqus.com,Male,23.0.237.98
228,Johanna,Gisbourn,jgisbourn6b@forbes.com,Female,29.67.122.213
229,Maye,Toffel,mtoffel6c@walmart.com,Female,181.141.132.242
230,Nick,Penniell,npenniell6d@drupal.org,Male,149.76.98.222
231,Merralee,Brandham,mbrandham6e@themeforest.net,Female,190.204.103.16
232,Dru,Whittlesea,dwhittlesea6f@i2i.jp,Female,176.16.39.24
233,Camella,Butler,cbutler6g@narod.ru,Female,232.121.50.167
234,Fabiano,Bowles,fbowles6h@census.gov,Male,121.3.129.231
235,Gilli,Feenan,gfeenan6i@constantcontact.com,Female,22.213.214.169
236,Noreen,Thys,nthys6j@wiley.com,Female,166.213.250.117
237,Roderich,Duckhouse,rduckhouse6k@deliciousdays.com,Male,195.21.61.169
238,Hymie,Philpault,hphilpault6l@ifeng.com,Male,232.212.76.153
239,Vito,Rosander,vrosander6m@skype.com,Male,22.44.217.179
240,Kalila,Matijasevic,kmatijasevic6n@g.co,Female,206.195.202.203
241,Sonia,Rowena,srowena6o@latimes.com,Female,222.182.141.128
242,Jolie,Brickstock,jbrickstock6p@bloglovin.com,Female,252.227.67.231
243,Franz,Trowsdall,ftrowsdall6q@de.vu,Male,75.106.48.143
244,Stewart,Cruft,scruft6r@gnu.org,Male,153.126.155.141
245,Rosalinde,Antushev,rantushev6s@yellowbook.com,Female,132.125.246.182
246,Zollie,Troucher,ztroucher6t@un.org,Male,57.177.177.178
247,Rowe,Tregido,rtregido6u@tinyurl.com,Female,147.202.98.89
248,Clementia,Bloggett,cbloggett6v@wisc.edu,Polygender,145.162.187.2
249,Ola,Kinforth,okinforth6w@livejournal.com,Female,206.121.28.203
250,Tobiah,Leadbetter,tleadbetter6x@drupal.org,Male,121.113.148.19
251,Giovanni,Addis,gaddis6y@mediafire.com,Male,135.206.98.239
252,Jim,Veness,jveness6z@bbb.org,Male,46.215.248.174
253,Quinn,Gliddon,qgliddon70@so-net.ne.jp,Male,219.7.33.155
254,Roana,Ambler,rambler71@yandex.ru,Female,228.70.171.127
255,Terrie,Gibke,tgibke72@ask.com,Female,161.162.136.243
256,Davidson,Di Lucia,ddilucia73@umn.edu,Male,8.42.170.177
257,Claudius,McCahill,cmccahill74@gnu.org,Male,247.209.38.235
258,Darren,McNeilley,dmcneilley75@ebay.com,Male,73.47.31.220
259,Jillene,Thaxter,jthaxter76@rediff.com,Female,113.106.77.37
260,Jennie,McNutt,jmcnutt77@delicious.com,Female,246.72.255.83
261,Vinni,Begg,vbegg78@bloomberg.com,Female,31.166.16.59
262,Damien,Kearle,dkearle79@mysql.com,Male,59.211.56.220
263,Iris,Osbiston,iosbiston7a@upenn.edu,Female,216.227.89.171
264,Armstrong,Doddrell,adoddrell7b@google.com,Male,154.42.53.68
265,Gordon,Cuttell,gcuttell7c@sogou.com,Male,209.60.77.33
266,Lebbie,Pennetta,lpennetta7d@studiopress.com,Female,240.106.217.208
267,Kaylee,Brunt,kbrunt7e@1688.com,Female,146.80.83.70
268,Babita,Hampe,bhampe7f@uiuc.edu,Female,228.72.38.182
269,Loraine,Benneton,lbenneton7g@jigsy.com,Bigender,99.136.42.247
270,Leeland,Sworne,lsworne7h@exblog.jp,Male,247.32.187.243
271,Emelen,Brager,ebrager7i@domainmarket.com,Male,60.86.7.69
272,Fina,Dixcee,fdixcee7j@phoca.cz,Female,109.61.74.238
273,Adolphe,Kenrat,akenrat7k@discovery.com,Male,146.56.22.175
274,Maria,Quenby,mquenby7l@imgur.com,Female,238.34.139.84
275,Kenyon,Gardiner,kgardiner7m@berkeley.edu,Male,142.110.203.111
276,Garrett,Edinborough,gedinborough7n@github.com,Male,1.126.204.63
277,Chev,Leeburne,cleeburne7o@ehow.com,Male,46.48.210.52
278,Gaelan,Kreuzer,gkreuzer7p@craigslist.org,Male,151.168.51.180
279,Maxie,Birrel,mbirrel7q@cisco.com,Male,34.50.214.6
280,Hetty,Flaws,hflaws7r@nps.gov,Female,74.160.19.99
281,Bil,Birkett,bbirkett7s@washingtonpost.com,Polygender,239.255.224.81
282,Bil,Burrows,bburrows7t@edublogs.org,Male,252.103.130.247
283,Lock,Sudlow,lsudlow7u@nyu.edu,Male,244.54.67.119
284,Benni,Wilmott,bwilmott7v@studiopress.com,Female,202.54.166.62
285,Freeland,August,faugust7w@jigsy.com,Male,5.45.190.108
286,Haley,Brew,hbrew7x@yelp.com,Female,33.21.140.90
287,Hinda,Woollons,hwoollons7y@webmd.com,Female,189.78.56.11
288,Barbee,Bangs,bbangs7z@cnet.com,Female,187.163.230.252
289,Marijn,Message,mmessage80@topsy.com,Male,60.110.251.88
290,Mignon,Greenhaugh,mgreenhaugh81@gravatar.com,Polygender,190.221.221.154
291,Salvatore,Airey,sairey82@omniture.com,Male,134.132.70.38
292,Stephana,How,show83@t-online.de,Female,117.162.39.164
293,Lock,Buncombe,lbuncombe84@edublogs.org,Male,45.125.209.103
294,Stinky,Haggas,shaggas85@cbslocal.com,Male,10.64.129.52
295,Evyn,McMeanma,emcmeanma86@senate.gov,Male,158.48.167.16
296,Baillie,Odegaard,bodegaard87@barnesandnoble.com,Male,160.79.147.35
297,Blancha,Freake,bfreake88@youtu.be,Female,17.81.134.225
298,Oswald,Flement,oflement89@zimbio.com,Male,139.76.79.123
299,Tanitansy,Bristow,tbristow8a@hubpages.com,Female,80.129.127.58
300,Torrie,Howood,thowood8b@gravatar.com,Female,88.74.214.189
301,Margeaux,Daniele,mdaniele8c@abc.net.au,Female,229.64.232.138
302,Johnna,Alekhov,jalekhov8d@nytimes.com,Female,71.33.71.88
303,Jacki,Kaszper,jkaszper8e@bbb.org,Female,55.152.43.161
304,Travis,Gorman,tgorman8f@yellowpages.com,Male,151.50.2.59
305,Niles,Worsnup,nworsnup8g@tripadvisor.com,Male,101.75.166.233
306,Marie-ann,Croxon,mcroxon8h@dmoz.org,Female,134.9.159.128
307,Otes,Kleynen,okleynen8i@discuz.net,Genderfluid,79.41.11.157
308,Ronda,McLeman,rmcleman8j@unblog.fr,Female,25.30.248.177
309,Agneta,Soltan,asoltan8k@ca.gov,Female,70.143.203.129
310,Julianna,Hartigan,jhartigan8l@illinois.edu,Female,45.100.176.58
311,Kaitlyn,Shepheard,kshepheard8m@quantcast.com,Female,25.197.134.131
312,Fara,Southey,fsouthey8n@walmart.com,Female,102.16.24.238
313,Elisha,Girkins,egirkins8o@reverbnation.com,Female,13.149.136.148
314,Elmer,Fowley,efowley8p@mayoclinic.com,Male,82.85.2.213
315,Sherye,McCamish,smccamish8q@sciencedaily.com,Female,63.115.94.200
316,Ari,Bowich,abowich8r@virginia.edu,Male,222.82.21.172
317,Ynez,Clotworthy,yclotworthy8s@aol.com,Female,55.159.105.90
318,Warden,Jonas,wjonas8t@va.gov,Male,46.109.171.129
319,Odie,Tumini,otumini8u@dot.gov,Male,118.57.247.235
320,Rickie,Cescotti,rcescotti8v@ihg.com,Female,202.47.157.177
321,Vivienne,Pessolt,vpessolt8w@forbes.com,Female,138.63.158.143
322,Quintus,Kull,qkull8x@oaic.gov.au,Genderfluid,155.224.87.156
323,Shep,Govenlock,sgovenlock8y@amazon.co.jp,Male,77.27.249.110
324,Connie,Yurevich,cyurevich8z@amazon.de,Male,187.171.103.192
325,Elyse,Koschek,ekoschek90@latimes.com,Female,146.223.208.118
326,Corrine,Lingard,clingard91@unesco.org,Female,85.172.165.32
327,Merilyn,Adelberg,madelberg92@intel.com,Female,197.60.164.53
328,Jonas,Broxis,jbroxis93@arizona.edu,Polygender,197.99.80.146
329,Adrianna,Jancar,ajancar94@odnoklassniki.ru,Female,205.116.152.176
330,Kevan,Rawlingson,krawlingson95@networksolutions.com,Male,168.85.99.169
331,Euell,Reap,ereap96@wiley.com,Male,13.2.66.56
332,Rodger,Ingre,ringre97@ezinearticles.com,Male,6.246.84.148
333,Ebenezer,Greaves,egreaves98@webs.com,Male,39.141.53.88
334,Marven,Cashman,mcashman99@wordpress.org,Male,178.177.24.78
335,Lonnie,Askaw,laskaw9a@cnn.com,Male,165.60.200.59
336,Edee,Earwicker,eearwicker9b@google.com.hk,Genderfluid,153.145.30.199
337,Enrichetta,Tackell,etackell9c@icq.com,Female,210.45.114.29
338,Danila,Peasgood,dpeasgood9d@google.pl,Female,194.207.73.58
339,Belia,Hardman,bhardman9e@furl.net,Female,137.212.233.41
340,Teddy,Scandroot,tscandroot9f@tuttocitta.it,Male,18.152.206.221
341,Sven,Elford,selford9g@usatoday.com,Male,137.29.183.182
342,Wandis,Bartels-Ellis,wbartelsellis9h@vimeo.com,Female,12.196.231.111
343,Rosina,Patrick,rpatrick9i@java.com,Female,203.86.55.74
344,Clea,Stobbart,cstobbart9j@blog.com,Female,203.112.110.223
345,Morlee,Klimas,mklimas9k@ebay.com,Male,255.117.38.232
346,Alethea,Dellar,adellar9l@newyorker.com,Female,206.191.210.210
347,Marmaduke,Ible,mible9m@upenn.edu,Male,4.118.170.104
348,Foster,Tricker,ftricker9n@weibo.com,Genderqueer,18.179.225.182
349,Erick,Basek,ebasek9o@themeforest.net,Male,4.23.198.133
350,Hall,Dreinan,hdreinan9p@bbb.org,Male,254.182.233.232
351,Bobine,Purkess,bpurkess9q@example.com,Non-binary,81.172.249.103
352,Carlin,Arundale,carundale9r@gravatar.com,Male,139.124.187.232
353,Rouvin,Boother,rboother9s@army.mil,Male,68.234.212.149
354,Charyl,Hallows,challows9t@squarespace.com,Female,247.192.98.40
355,Theda,Thomasen,tthomasen9u@nbcnews.com,Female,180.14.28.199
356,Marsh,Quigley,mquigley9v@sun.com,Male,208.169.110.205
357,Anatollo,Jaggers,ajaggers9w@typepad.com,Male,26.2.37.237
358,Wallis,Noyce,wnoyce9x@senate.gov,Male,243.126.75.174
359,Devon,Macklin,dmacklin9y@shinystat.com,Female,112.198.58.80
360,Ron,Parsell,rparsell9z@virginia.edu,Polygender,150.255.52.111
361,Poppy,Chadd,pchadda0@mozilla.com,Female,124.23.98.16
362,Ravid,Wyant,rwyanta1@gizmodo.com,Male,128.200.100.182
363,Aldrich,Trencher,atrenchera2@house.gov,Male,251.40.116.223
364,Shaylah,Bountiff,sbountiffa3@vimeo.com,Female,103.236.131.143
365,Rita,Gollard,rgollarda4@hud.gov,Female,249.39.237.178
366,Ogdon,Gedling,ogedlinga5@sphinn.com,Male,125.194.135.166
367,Christan,Cruise,ccruisea6@senate.gov,Female,157.242.142.148
368,Mandel,Kemet,mkemeta7@cam.ac.uk,Male,115.140.184.109
369,Moishe,McGrayle,mmcgraylea8@bloglovin.com,Male,159.130.178.216
370,Meghann,Biesty,mbiestya9@economist.com,Female,170.199.198.193
371,Francesco,Varley,fvarleyaa@printfriendly.com,Male,169.192.86.153
372,Jenelle,D'Elias,jdeliasab@hud.gov,Female,125.214.162.97
373,Caryl,Cullagh,ccullaghac@ocn.ne.jp,Agender,131.173.245.155
374,Stillmann,Oboy,soboyad@cloudflare.com,Male,49.58.44.62
375,Shalom,Wetwood,swetwoodae@angelfire.com,Male,30.195.54.247
376,Wenda,Everitt,weverittaf@epa.gov,Female,130.50.93.179
377,Jamey,Duggan,jdugganag@unblog.fr,Male,43.170.204.154
378,Ethelred,Skoggings,eskoggingsah@mapquest.com,Genderqueer,109.113.28.158
379,Kennett,Limpenny,klimpennyai@gnu.org,Male,0.17.58.156
380,Ailis,Kinny,akinnyaj@weibo.com,Agender,122.88.137.65
381,Sam,Portal,sportalak@bbc.co.uk,Female,81.23.49.245
382,Loydie,MacCarter,lmaccarteral@vinaora.com,Male,68.185.47.126
383,Konstanze,Gabbott,kgabbottam@fotki.com,Female,156.222.157.160
384,Symon,Karlolczak,skarlolczakan@printfriendly.com,Male,107.251.211.48
385,Regina,Jirak,rjirakao@linkedin.com,Female,100.222.176.210
386,Zonnya,Ferrer,zferrerap@ebay.co.uk,Female,56.51.43.245
387,Adi,Anderl,aanderlaq@prnewswire.com,Female,168.9.231.110
388,Smitty,Orford,sorfordar@friendfeed.com,Male,9.119.122.243
389,Patty,Braidman,pbraidmanas@usda.gov,Female,160.161.65.119
390,Trumann,Sugars,tsugarsat@smugmug.com,Male,46.173.190.215
391,Shaylah,Tomalin,stomalinau@purevolume.com,Female,34.210.215.92
392,Julissa,Harroll,jharrollav@google.fr,Female,185.195.244.226
393,Donn,Dack,ddackaw@bravesites.com,Male,210.122.97.120
394,Rae,Fogarty,rfogartyax@google.it,Female,110.123.95.80
395,Ollie,Tuddenham,otuddenhamay@mozilla.com,Male,16.175.53.10
396,Karyl,Sime,ksimeaz@thetimes.co.uk,Female,120.90.207.137
397,Wilton,Donne,wdonneb0@artisteer.com,Genderfluid,45.52.232.48
398,Jervis,Pottberry,jpottberryb1@51.la,Male,202.207.194.134
399,Toddy,Yeo,tyeob2@springer.com,Male,82.157.176.3
400,Jamill,Dunnet,jdunnetb3@canalblog.com,Male,154.113.188.111
401,Tanney,Nears,tnearsb4@home.pl,Male,21.197.227.195
402,Verene,Griffin,vgriffinb5@dot.gov,Bigender,187.189.125.129
403,Roshelle,Stockow,rstockowb6@aol.com,Non-binary,160.10.204.235
404,Lanny,Finicj,lfinicjb7@angelfire.com,Male,126.69.96.145
405,Audre,Arpino,aarpinob8@tumblr.com,Female,164.212.125.34
406,Reggis,Janman,rjanmanb9@time.com,Male,249.128.149.230
407,Lori,Abele,labeleba@unc.edu,Female,168.42.36.159
408,Nike,Etheredge,netheredgebb@samsung.com,Female,204.95.131.197
409,Leilah,Wrightam,lwrightambc@cloudflare.com,Female,220.106.85.31
410,Ellary,Ickovicz,eickoviczbd@ebay.com,Male,243.55.115.77
411,Katey,Dacks,kdacksbe@boston.com,Female,246.104.141.33
412,Burnaby,Stratiff,bstratiffbf@boston.com,Male,219.252.232.38
413,Evelyn,Eggers,eeggersbg@addtoany.com,Non-binary,100.60.79.70
414,Jeanelle,Flamank,jflamankbh@1688.com,Female,116.41.17.108
415,Darcie,Huleatt,dhuleattbi@cnet.com,Female,123.156.133.2
416,Davida,Zoanetti,dzoanettibj@about.me,Female,38.63.61.172
417,Vera,Calbrathe,vcalbrathebk@walmart.com,Female,253.44.237.18
418,George,Rigby,grigbybl@zimbio.com,Male,78.238.122.255
419,Elysee,Hischke,ehischkebm@businessinsider.com,Female,194.92.106.46
420,Nicoline,Skpsey,nskpseybn@engadget.com,Female,236.102.29.108
421,Theodora,Cuncliffe,tcuncliffebo@deviantart.com,Female,218.31.79.8
422,Bendite,Jager,bjagerbp@nsw.gov.au,Female,144.30.222.249
423,Cecil,Featherstone,cfeatherstonebq@digg.com,Female,253.238.20.145
424,Drud,Slocket,dslocketbr@eventbrite.com,Male,104.6.174.84
425,Findlay,Sprouls,fsproulsbs@state.gov,Male,169.89.16.5
426,Ernestine,Passmore,epassmorebt@shinystat.com,Agender,21.138.53.126
427,Edouard,Hurles,ehurlesbu@dyndns.org,Male,82.18.148.1
428,Bern,Reihill,breihillbv@mozilla.com,Male,238.47.13.9
429,Karlyn,Gilhoolie,kgilhooliebw@apple.com,Female,255.50.138.228
430,Hali,Ellwell,hellwellbx@comcast.net,Female,143.100.127.74
431,Nowell,Arlow,narlowby@tinyurl.com,Male,158.79.155.159
432,Abbe,Daughtry,adaughtrybz@privacy.gov.au,Male,133.243.14.132
433,Gretna,Cartmael,gcartmaelc0@utexas.edu,Female,170.103.19.49
434,Nerissa,Ragge,nraggec1@freewebs.com,Genderqueer,182.233.183.105
435,Elysha,Knowles,eknowlesc2@mapquest.com,Genderqueer,124.92.46.90
436,Harald,Kennea,hkenneac3@marriott.com,Male,67.240.104.92
437,Merrill,Cappleman,mcapplemanc4@state.tx.us,Male,78.94.164.216
438,Nelia,Tidswell,ntidswellc5@nps.gov,Female,233.201.131.252
439,Moll,Antony,mantonyc6@trellian.com,Female,76.127.205.252
440,Charlton,Belt,cbeltc7@jiathis.com,Male,203.226.56.103
441,Arturo,Arlidge,aarlidgec8@wordpress.com,Male,144.107.101.92
442,Twila,Cayzer,tcayzerc9@amazonaws.com,Female,130.68.225.200
443,Garwood,Hemerijk,ghemerijkca@facebook.com,Male,243.108.26.164
444,Carl,Brumfield,cbrumfieldcb@icio.us,Male,254.197.56.164
445,Clemens,Kiwitz,ckiwitzcc@fc2.com,Male,229.103.77.239
446,Samantha,Doulton,sdoultoncd@4shared.com,Female,5.144.23.178
447,Demetre,Tremoulet,dtremouletce@whitehouse.gov,Male,68.47.28.218
448,Gayel,Atheis,gatheiscf@craigslist.org,Female,69.224.233.223
449,Katrine,Allinson,kallinsoncg@arstechnica.com,Agender,193.201.60.152
450,Phaedra,Marlow,pmarlowch@mac.com,Female,175.155.151.208
451,Rosette,Backen,rbackenci@examiner.com,Female,8.125.74.21
452,Sibyl,Bamfield,sbamfieldcj@ovh.net,Female,237.210.39.239
453,Chad,Bellows,cbellowsck@google.co.uk,Female,251.212.68.53
454,Lila,Shimwall,lshimwallcl@dedecms.com,Female,126.17.122.67
455,Albina,Elmar,aelmarcm@tinypic.com,Female,190.16.216.93
456,Lorenzo,Diglin,ldiglincn@census.gov,Male,195.198.74.240
457,Josh,Palfreman,jpalfremanco@unblog.fr,Male,145.118.236.98
458,Poul,Bradmore,pbradmorecp@abc.net.au,Male,210.213.151.214
459,Susie,Forde,sfordecq@goodreads.com,Female,66.245.97.30
460,Ynes,Tordoff,ytordoffcr@livejournal.com,Female,239.195.43.228
461,Ansley,Pepall,apepallcs@macromedia.com,Female,175.87.242.223
462,Jolee,Romaynes,jromaynesct@google.es,Female,189.172.170.32
463,Addison,Leeson,aleesoncu@cnbc.com,Male,54.20.89.208
464,Ninon,Astell,nastellcv@pcworld.com,Genderfluid,152.135.209.129
465,Kalle,Haggie,khaggiecw@goo.gl,Male,42.95.47.73
466,Frasier,Grigson,fgrigsoncx@nhs.uk,Male,105.140.163.34
467,Kassia,Gendricke,kgendrickecy@elegantthemes.com,Female,37.109.34.131
468,Duff,Borman,dbormancz@slashdot.org,Male,135.45.105.168
469,Georgie,Bassick,gbassickd0@mlb.com,Male,200.34.58.235
470,Charla,Muller,cmullerd1@exblog.jp,Female,30.114.110.247
471,Diahann,Romaines,dromainesd2@chicagotribune.com,Female,134.206.44.192
472,Sean,Erni,sernid3@sakura.ne.jp,Male,108.160.21.198
473,Noni,Pfeifer,npfeiferd4@constantcontact.com,Female,51.164.60.111
474,Hilliard,Antunes,hantunesd5@whitehouse.gov,Male,167.184.64.69
475,Vasili,Real,vreald6@springer.com,Male,102.197.49.215
476,Emiline,Rannie,erannied7@github.io,Female,22.142.75.40
477,Farand,Blunt,fbluntd8@ihg.com,Female,197.144.73.100
478,Herschel,Tal,htald9@instagram.com,Male,183.173.84.155
479,Rey,Hamor,rhamorda@1und1.de,Male,82.175.153.139
480,Cristy,Kinchlea,ckinchleadb@latimes.com,Female,239.127.243.24
481,Sherill,Burfoot,sburfootdc@cornell.edu,Female,240.215.80.243
482,Raina,Wayper,rwayperdd@parallels.com,Female,179.197.187.25
483,Trina,Ritchley,tritchleyde@boston.com,Female,141.98.194.227
484,Sinclair,Shakle,sshakledf@sphinn.com,Male,177.179.94.172
485,Hetti,Torbard,htorbarddg@gov.uk,Female,107.17.137.116
486,Mathe,Roma,mromadh@rakuten.co.jp,Male,230.237.8.119
487,Milena,Bente,mbentedi@123-reg.co.uk,Female,245.16.186.183
488,Jewell,Manginot,jmanginotdj@sciencedaily.com,Genderqueer,124.249.85.117
489,Kevon,Pedlar,kpedlardk@so-net.ne.jp,Male,81.160.95.12
490,Freemon,Raff,fraffdl@nationalgeographic.com,Male,201.164.15.141
491,Grata,O' Liddy,goliddydm@utexas.edu,Female,32.67.152.5
492,Veda,Suttaby,vsuttabydn@adobe.com,Female,3.63.80.17
493,Nisse,Fontin,nfontindo@symantec.com,Female,167.9.173.12
494,Julita,Jarad,jjaraddp@ucla.edu,Female,116.131.214.7
495,Tildy,Kepe,tkepedq@livejournal.com,Female,238.58.229.86
496,Phoebe,Tupie,ptupiedr@usgs.gov,Female,164.249.137.148
497,Mahalia,Kubasiewicz,mkubasiewiczds@wufoo.com,Female,93.119.48.137
498,Marilyn,Jentges,mjentgesdt@go.com,Female,248.230.122.173
499,Culver,Steenson,csteensondu@deviantart.com,Male,215.67.76.158
500,Maurice,Kirkup,mkirkupdv@jigsy.com,Male,71.223.93.222
501,Ross,Takis,rtakisdw@vk.com,Male,236.77.11.108
502,Marlyn,Ilyas,milyasdx@blog.com,Female,209.250.251.107
503,Codi,Deehan,cdeehandy@storify.com,Male,23.164.248.64
504,Pepito,Birley,pbirleydz@usda.gov,Male,37.255.246.16
505,Juliette,Gotts,jgottse0@flickr.com,Female,87.191.116.29
506,Winne,Lestrange,wlestrangee1@nsw.gov.au,Female,141.89.112.64
507,Asher,Rosenblad,arosenblade2@rambler.ru,Male,94.253.2.97
508,Silvio,Brahams,sbrahamse3@theguardian.com,Male,252.174.190.95
509,Hewe,Madill,hmadille4@live.com,Polygender,42.255.92.117
510,Angeli,Harriday,aharridaye5@nps.gov,Male,22.239.219.150
511,Sindee,MacMeeking,smacmeekinge6@wikia.com,Female,199.98.201.84
512,Otis,Du Plantier,oduplantiere7@yahoo.com,Male,16.138.253.178
513,Mattias,Veeler,mveelere8@surveymonkey.com,Male,174.158.100.191
514,Liza,Polkinghorne,lpolkinghornee9@webnode.com,Female,42.246.133.100
515,Kippie,Caple,kcapleea@weebly.com,Female,25.63.162.93
516,Reggie,Eagland,reaglandeb@flickr.com,Female,73.77.239.40
517,Georgeanna,Cable,gcableec@un.org,Female,141.254.48.170
518,Shaw,Wellings,swellingsed@dion.ne.jp,Male,19.165.158.110
519,Blake,Kinny,bkinnyee@bbb.org,Male,239.114.236.2
520,Rodrique,Melton,rmeltonef@unesco.org,Male,187.200.175.249
521,Kiah,Shuttell,kshuttelleg@engadget.com,Female,227.201.168.81
522,Julita,Neiland,jneilandeh@barnesandnoble.com,Female,209.62.181.255
523,Corrianne,Danforth,cdanforthei@theguardian.com,Female,82.203.129.120
524,Elihu,Turfes,eturfesej@twitter.com,Male,151.167.189.228
525,Lev,Wahner,lwahnerek@acquirethisname.com,Male,127.89.20.75
526,Gilles,Coupar,gcouparel@webnode.com,Male,42.84.49.206
527,Ula,Keems,ukeemsem@jalbum.net,Bigender,135.30.28.18
528,Bertrand,Tafani,btafanien@cdbaby.com,Male,81.9.102.134
529,Iolanthe,Stennett,istennetteo@desdev.cn,Female,147.69.52.96
530,Jan,Mawdsley,jmawdsleyep@ovh.net,Female,210.30.254.73
531,Sonnnie,Van Der Walt,svanderwalteq@edublogs.org,Female,188.124.22.165
532,Moishe,Kinnoch,mkinnocher@hud.gov,Male,201.189.140.235
533,Hi,Craufurd,hcraufurdes@alibaba.com,Genderfluid,32.168.231.122
534,Jobey,Hamlington,jhamlingtonet@biglobe.ne.jp,Female,28.79.157.30
535,Joycelin,Hinckes,jhinckeseu@biglobe.ne.jp,Female,199.17.188.101
536,Thornton,Sussex,tsussexev@google.pl,Male,49.110.82.174
537,Langsdon,O'Crevy,locrevyew@mayoclinic.com,Male,255.211.39.48
538,Tiphanie,Baford,tbafordex@gov.uk,Genderfluid,243.166.202.6
539,Hartley,Gherardelli,hgherardelliey@free.fr,Bigender,224.215.241.27
540,Urbanus,Maass,umaassez@alibaba.com,Male,20.77.80.26
541,Thorvald,O'Feeny,tofeenyf0@whitehouse.gov,Male,249.17.216.237
542,Caril,Neubigin,cneubiginf1@livejournal.com,Female,214.127.73.225
543,Blinny,Proudler,bproudlerf2@woothemes.com,Female,203.122.33.215
544,Imelda,Gilpin,igilpinf3@archive.org,Female,77.196.86.96
545,Calhoun,Zamudio,czamudiof4@printfriendly.com,Male,107.191.170.79
546,Akim,Truckell,atruckellf5@earthlink.net,Male,111.218.25.216
547,Frasier,Goburn,fgoburnf6@globo.com,Male,131.26.132.99
548,Silas,Kilcullen,skilcullenf7@cpanel.net,Male,13.70.202.97
549,Trip,Rablin,trablinf8@cbsnews.com,Male,117.165.63.161
550,Jacqueline,Rozanski,jrozanskif9@epa.gov,Female,162.251.68.51
551,Mureil,Longforth,mlongforthfa@nbcnews.com,Female,96.29.194.15
552,Raine,McCandie,rmccandiefb@angelfire.com,Female,3.213.151.20
553,Chilton,McCroary,cmccroaryfc@xinhuanet.com,Male,158.58.124.73
554,Nolie,Scase,nscasefd@studiopress.com,Female,176.86.38.109
555,Georg,Wickrath,gwickrathfe@zdnet.com,Male,69.139.165.42
556,Rollins,Swadlen,rswadlenff@de.vu,Male,140.119.152.108
557,Ricki,Cranfield,rcranfieldfg@sakura.ne.jp,Male,183.254.130.143
558,Gun,McKeady,gmckeadyfh@mozilla.org,Genderfluid,247.250.164.147
559,Rich,Mariolle,rmariollefi@npr.org,Male,12.204.241.231
560,Orson,Wilde,owildefj@stanford.edu,Male,120.19.231.35
561,Agnesse,Weale,awealefk@yelp.com,Female,152.80.185.32
562,Ginevra,Lidyard,glidyardfl@plala.or.jp,Female,216.10.61.183
563,Lisetta,Kemball,lkemballfm@usa.gov,Female,255.11.2.246
564,Byrom,Westmorland,bwestmorlandfn@webeden.co.uk,Male,243.82.62.179
565,Ertha,Ginner,eginnerfo@xing.com,Female,70.243.35.119
566,Pascale,Puttick,pputtickfp@webnode.com,Male,103.154.173.228
567,Murvyn,Vaughan,mvaughanfq@smugmug.com,Male,254.214.189.129
568,Blythe,Fawlks,bfawlksfr@bandcamp.com,Female,28.100.42.167
569,Barbra,Pibworth,bpibworthfs@tripod.com,Female,177.88.196.161
570,Ashlee,Likely,alikelyft@washingtonpost.com,Female,218.243.248.31
571,Coralyn,Garretson,cgarretsonfu@google.com.hk,Female,177.232.9.17
572,Massimiliano,Dudman,mdudmanfv@harvard.edu,Male,228.51.208.95
573,Hillard,Lorenzin,hlorenzinfw@jigsy.com,Male,106.184.100.143
574,Perkin,Wallas,pwallasfx@mashable.com,Male,143.230.221.186
575,Herminia,Calkin,hcalkinfy@dedecms.com,Female,254.192.174.181
576,Towny,Cowsby,tcowsbyfz@nbcnews.com,Male,241.99.217.112
577,Lyn,Quarles,lquarlesg0@twitpic.com,Female,197.128.160.235
578,Thomasin,Epperson,teppersong1@istockphoto.com,Female,3.253.26.159
579,Shanie,Clem,sclemg2@flavors.me,Bigender,85.4.243.149
580,Myrta,Gurdon,mgurdong3@sbwire.com,Polygender,232.126.120.79
581,Gwendolyn,Kroin,gkroing4@apache.org,Genderqueer,211.200.110.37
582,Ali,Jaquin,ajaquing5@statcounter.com,Female,211.94.94.36
583,Mallory,De Ruggero,mderuggerog6@reddit.com,Female,255.183.66.191
584,Amble,Allcroft,aallcroftg7@google.com.au,Male,183.126.31.125
585,Johny,Benettolo,jbenettolog8@scientificamerican.com,Male,141.79.114.85
586,Freddie,Upsale,fupsaleg9@homestead.com,Male,191.65.150.192
587,Sherlock,Le Galle,slegallega@ucla.edu,Male,108.245.60.59
588,Ginny,Jirousek,gjirousekgb@foxnews.com,Female,196.111.184.241
589,Shandee,Bishell,sbishellgc@intel.com,Female,132.65.107.90
590,Layney,Dansey,ldanseygd@imgur.com,Bigender,8.23.248.204
591,Agna,Becke,abeckege@elegantthemes.com,Female,142.81.92.205
592,Prisca,Grishakin,pgrishakingf@github.io,Female,225.150.195.2
593,Buiron,Brewis,bbrewisgg@issuu.com,Male,139.242.28.207
594,Jinny,Beaze,jbeazegh@liveinternet.ru,Female,84.183.116.8
595,Rafaela,Charsley,rcharsleygi@nydailynews.com,Female,226.34.97.153
596,Lisha,Raatz,lraatzgj@taobao.com,Female,78.91.249.196
597,Nyssa,Tunder,ntundergk@imageshack.us,Female,163.102.225.221
598,Griswold,Craghead,gcragheadgl@arizona.edu,Male,20.43.83.99
599,Eddy,Iskowitz,eiskowitzgm@tmall.com,Female,103.51.99.70
600,Monica,Pragnall,mpragnallgn@bloglovin.com,Female,222.101.83.124
601,Garfield,Dugald,gdugaldgo@unesco.org,Male,68.65.244.177
602,Kirsti,Chasson,kchassongp@unc.edu,Agender,170.54.224.197
603,Sibel,Kienzle,skienzlegq@un.org,Female,127.212.57.180
604,Theo,Vann,tvanngr@merriam-webster.com,Female,12.143.178.108
605,Cassi,Roddick,croddickgs@freewebs.com,Female,56.88.117.40
606,Hebert,Fibbitts,hfibbittsgt@posterous.com,Male,78.182.143.204
607,Olivia,Capini,ocapinigu@flavors.me,Female,252.245.129.199
608,Clemmie,Augustine,caugustinegv@mapquest.com,Female,61.105.137.187
609,Margeaux,Goublier,mgoubliergw@linkedin.com,Female,51.238.178.219
610,Christiana,Ravenhills,cravenhillsgx@cloudflare.com,Female,229.28.126.64
611,Kurt,Dmytryk,kdmytrykgy@cargocollective.com,Agender,244.12.146.107
612,Vin,Prewett,vprewettgz@slideshare.net,Non-binary,38.46.135.195
613,Chloris,Charteris,ccharterish0@boston.com,Female,83.202.192.35
614,Fredi,Turnock,fturnockh1@soup.io,Female,84.225.154.34
615,Brittni,Karolovsky,bkarolovskyh2@typepad.com,Female,177.147.149.211
616,Arabella,Buckthought,abuckthoughth3@dmoz.org,Female,57.0.77.19
617,Eberto,Letchmore,eletchmoreh4@cbslocal.com,Male,150.62.231.135
618,Barrie,Bacup,bbacuph5@simplemachines.org,Male,246.236.94.6
619,Dotty,Lynnett,dlynnetth6@geocities.jp,Female,77.206.249.50
620,Liza,Yitzhok,lyitzhokh7@sphinn.com,Female,157.144.36.159
621,Claudianus,Chidzoy,cchidzoyh8@mac.com,Male,86.117.118.53
622,Theo,Raikes,traikesh9@desdev.cn,Male,35.158.117.88
623,Jermain,McDermot,jmcdermotha@yellowpages.com,Male,156.81.62.73
624,Willette,Craigie,wcraigiehb@odnoklassniki.ru,Female,28.89.253.184
625,Bendick,Ineson,binesonhc@dailymotion.com,Male,20.13.24.80
626,Lionel,Goodwill,lgoodwillhd@opera.com,Male,226.185.70.107
627,Blinni,Queen,bqueenhe@archive.org,Female,26.249.194.2
628,Sallee,Tynnan,stynnanhf@dailymail.co.uk,Female,62.225.139.166
629,Evan,Normant,enormanthg@amazon.com,Male,184.86.44.83
630,Blakelee,Jackson,bjacksonhh@wikipedia.org,Female,60.149.115.34
631,Mathew,Fullylove,mfullylovehi@hao123.com,Male,128.18.145.203
632,Annis,Cattermole,acattermolehj@biglobe.ne.jp,Female,85.30.47.46
633,Greer,Jailler,gjaillerhk@jiathis.com,Female,137.179.85.24
634,Fedora,Pybworth,fpybworthhl@blogs.com,Female,130.85.138.181
635,Merilyn,Caldicot,mcaldicothm@phpbb.com,Agender,54.248.16.115
636,Saleem,Sydenham,ssydenhamhn@goo.gl,Male,218.173.134.27
637,Guthrie,Vears,gvearsho@slashdot.org,Male,170.58.135.238
638,Haily,Tremblot,htremblothp@amazon.de,Female,86.106.2.39
639,Milty,Clougher,mclougherhq@rediff.com,Male,231.181.205.173
640,Georgina,Potts,gpottshr@sciencedirect.com,Female,113.222.132.248
641,Vito,Grioli,vgriolihs@hibu.com,Male,38.86.251.85
642,Marilin,Milier,mmilierht@wunderground.com,Female,230.21.52.68
643,Marna,Jackman,mjackmanhu@spiegel.de,Female,245.148.95.21
644,Cammi,Voules,cvouleshv@weibo.com,Female,224.193.192.176
645,Carrissa,Jaynes,cjayneshw@ftc.gov,Female,231.41.50.176
646,Consalve,Gooderridge,cgooderridgehx@chron.com,Male,109.197.190.232
647,Barb,Veld,bveldhy@people.com.cn,Female,101.18.165.228
648,Mack,Ollet,mollethz@ycombinator.com,Male,23.223.28.73
649,Ivett,O'Sullivan,iosullivani0@myspace.com,Non-binary,141.181.67.17
650,Bamby,Gribble,bgribblei1@4shared.com,Female,86.206.175.139
651,Felix,Whybrow,fwhybrowi2@virginia.edu,Male,248.248.233.70
652,Tresa,Reading,treadingi3@devhub.com,Female,15.154.65.90
653,Jan,Smyth,jsmythi4@tinypic.com,Male,138.19.57.55
654,Benita,Rapaport,brapaporti5@cnbc.com,Female,229.29.98.151
655,Dionis,Gladdor,dgladdori6@unblog.fr,Female,179.55.61.26
656,Eb,Ferreiro,eferreiroi7@theatlantic.com,Male,18.51.189.80
657,Stillman,MacTeggart,smacteggarti8@nps.gov,Male,136.239.75.174
658,Sophi,Lambole,slambolei9@aol.com,Non-binary,19.200.38.140
659,Ruby,Dafter,rdafteria@jugem.jp,Female,124.227.39.77
660,Penn,Eastes,peastesib@shop-pro.jp,Male,214.246.157.26
661,Misty,Jiran,mjiranic@si.edu,Female,176.104.192.28
662,Meggy,Elam,melamid@auda.org.au,Female,144.220.229.28
663,Bartie,Spirit,bspiritie@ustream.tv,Genderfluid,119.109.255.93
664,Llywellyn,McSpirron,lmcspirronif@webmd.com,Male,93.15.104.240
665,Sari,Postgate,spostgateig@bbc.co.uk,Female,183.221.57.27
666,Kristyn,Opfer,kopferih@jiathis.com,Female,188.149.220.22
667,Amandi,Cardenosa,acardenosaii@nih.gov,Female,53.39.105.238
668,Alexandros,Lotte,alotteij@columbia.edu,Male,247.24.28.123
669,Laird,Ioselevich,lioselevichik@sphinn.com,Genderfluid,68.221.134.230
670,Horatio,Isacke,hisackeil@cnet.com,Male,162.48.151.62
671,Cy,Wind,cwindim@washington.edu,Genderfluid,180.180.252.54
672,Sayres,Buddle,sbuddlein@amazon.com,Male,94.67.41.37
673,Jule,Westoll,jwestollio@harvard.edu,Male,1.103.93.156
674,Zonda,Creenan,zcreenanip@so-net.ne.jp,Female,144.179.187.254
675,Leonelle,Krates,lkratesiq@businesswire.com,Female,23.122.253.204
676,Brade,Freegard,bfreegardir@biblegateway.com,Male,35.109.31.136
677,Jeramie,Danielovitch,jdanielovitchis@mayoclinic.com,Male,177.96.4.186
678,Abelard,Vaun,avaunit@wordpress.org,Male,246.211.100.62
679,Carmelina,Edward,cedwardiu@jiathis.com,Bigender,150.77.25.1
680,Viv,Noads,vnoadsiv@reddit.com,Female,195.146.231.154
681,Lars,Renison,lrenisoniw@ycombinator.com,Male,38.33.147.161
682,Shannah,Monkton,smonktonix@paypal.com,Female,141.37.85.14
683,Kelby,Stendell,kstendelliy@chron.com,Male,195.105.187.32
684,Oswald,Shoobridge,oshoobridgeiz@google.com,Male,61.13.245.84
685,Merwin,Antonomolii,mantonomoliij0@cocolog-nifty.com,Male,225.140.93.253
686,Gualterio,Gasticke,ggastickej1@ihg.com,Male,83.6.210.87
687,Kathryn,Shreeves,kshreevesj2@ca.gov,Female,62.203.191.248
688,Wiatt,Fitchett,wfitchettj3@reuters.com,Male,166.237.70.87
689,Luciano,Gaunt,lgauntj4@un.org,Male,163.115.154.10
690,Norina,Romanelli,nromanellij5@indiegogo.com,Female,36.4.255.47
691,Aurilia,Murcutt,amurcuttj6@usda.gov,Female,93.206.17.137
692,Drucy,Kiraly,dkiralyj7@earthlink.net,Female,227.112.17.142
693,Teresita,Prestland,tprestlandj8@altervista.org,Female,188.130.18.104
694,Jobye,Sivyer,jsivyerj9@china.com.cn,Female,57.28.239.167
695,Glyn,Piscopo,gpiscopoja@netlog.com,Female,237.98.181.110
696,Waylen,Brim,wbrimjb@shutterfly.com,Male,20.150.50.37
697,Barnebas,Roizn,broiznjc@smugmug.com,Male,26.42.133.176
698,Luci,Chagg,lchaggjd@wordpress.org,Female,81.105.186.255
699,Chev,Gettings,cgettingsje@dmoz.org,Male,195.124.63.253
700,Pepi,Wyles,pwylesjf@sfgate.com,Female,104.149.71.174
701,Lemmy,Twigley,ltwigleyjg@reference.com,Male,137.87.87.15
702,Cliff,Heinschke,cheinschkejh@jalbum.net,Male,110.213.245.148
703,Whitney,Pilsbury,wpilsburyji@altervista.org,Female,104.190.17.214
704,Bram,Fley,bfleyjj@amazon.com,Male,99.65.88.33
705,Tybie,Pottes,tpottesjk@yolasite.com,Female,168.245.131.80
706,Judie,Biddles,jbiddlesjl@cpanel.net,Female,205.174.4.215
707,Tedmund,Haster,thasterjm@si.edu,Male,53.35.217.212
708,Madonna,Garatty,mgarattyjn@networksolutions.com,Female,128.246.137.148
709,Rosalie,Pauncefort,rpauncefortjo@mozilla.org,Female,238.89.49.27
710,Mersey,Le Grand,mlegrandjp@netvibes.com,Female,56.122.1.22
711,Amby,Cristofari,acristofarijq@zdnet.com,Male,66.123.167.61
712,Dewain,Klehyn,dklehynjr@elegantthemes.com,Male,252.162.180.145
713,Isiahi,Purveys,ipurveysjs@amazonaws.com,Male,11.44.233.117
714,Lauryn,Gleeton,lgleetonjt@hp.com,Female,133.95.46.50
715,Sybil,Beagles,sbeaglesju@surveymonkey.com,Female,57.42.205.76
716,Reena,Isenor,risenorjv@npr.org,Female,12.153.67.204
717,Gayle,Wallbutton,gwallbuttonjw@51.la,Male,22.108.238.67
718,Munmro,Maffeo,mmaffeojx@github.io,Male,7.10.5.10
719,Lizzy,Test,ltestjy@si.edu,Female,173.196.16.180
720,Melva,Mucillo,mmucillojz@vistaprint.com,Female,79.247.66.220
721,Aleksandr,Fryer,afryerk0@imageshack.us,Male,78.214.139.204
722,Ofella,Levet,olevetk1@cornell.edu,Female,202.4.186.185
723,Yurik,Dwire,ydwirek2@yandex.ru,Male,83.119.174.88
724,Veronike,Lydall,vlydallk3@goo.ne.jp,Female,216.104.225.114
725,Ingrim,Johanssen,ijohanssenk4@fc2.com,Male,186.76.204.231
726,Harley,Trigwell,htrigwellk5@istockphoto.com,Female,134.53.110.35
727,Dianemarie,Hendrich,dhendrichk6@uol.com.br,Genderfluid,75.255.46.197
728,Wallie,Darte,wdartek7@gizmodo.com,Female,29.166.240.244
729,Delly,Haggish,dhaggishk8@tripod.com,Female,15.176.18.219
730,Tammie,Hulett,thulettk9@home.pl,Male,30.207.196.100
731,Toma,Oolahan,toolahanka@ehow.com,Female,45.165.239.5
732,Justino,Gaylor,jgaylorkb@lulu.com,Non-binary,65.47.212.196
733,Oralie,Ubsdall,oubsdallkc@nature.com,Female,172.238.44.97
734,Phillis,Paulino,ppaulinokd@weibo.com,Agender,193.150.68.188
735,Berk,Mundall,bmundallke@apple.com,Male,186.104.244.143
736,Joan,Foulstone,jfoulstonekf@slideshare.net,Female,3.185.205.183
737,Sidonia,Ledram,sledramkg@google.com.br,Female,215.117.217.164
738,Frankie,Chsteney,fchsteneykh@chicagotribune.com,Male,2.8.130.255
739,Harlie,MacNelly,hmacnellyki@dot.gov,Female,228.43.188.150
740,Billi,Karlik,bkarlikkj@tuttocitta.it,Agender,129.252.134.153
741,Marthena,Beddo,mbeddokk@china.com.cn,Female,97.104.169.85
742,Kelley,Brilon,kbrilonkl@instagram.com,Female,137.195.144.90
743,Meyer,Menaul,mmenaulkm@europa.eu,Male,29.212.198.147
744,Honoria,Rouff,hrouffkn@cargocollective.com,Female,207.53.160.5
745,Aeriell,Stracey,astraceyko@census.gov,Genderfluid,203.66.49.52
746,Albrecht,Lebbern,alebbernkp@twitter.com,Male,245.101.139.176
747,Astrid,Carress,acarresskq@xinhuanet.com,Female,224.254.208.31
748,Ronalda,Dossantos,rdossantoskr@hubpages.com,Female,73.228.159.189
749,Boycey,Coupe,bcoupeks@ycombinator.com,Male,236.50.58.134
750,Ianthe,Richten,irichtenkt@tuttocitta.it,Female,24.71.245.27
751,Marshall,Rosendall,mrosendallku@bbb.org,Male,54.76.250.47
752,Royall,Solano,rsolanokv@whitehouse.gov,Male,104.27.253.179
753,Kate,Ashley,kashleykw@yelp.com,Female,162.41.66.168
754,Odette,Traher,otraherkx@nsw.gov.au,Female,136.171.144.223
755,Marilee,Schout,mschoutky@icio.us,Female,130.148.39.138
756,Manny,Cuningham,mcuninghamkz@nasa.gov,Male,90.44.227.201
757,Sullivan,Eyckelberg,seyckelbergl0@hatena.ne.jp,Male,11.179.67.2
758,Anallise,Elix,aelixl1@spotify.com,Female,53.133.20.147
759,Yank,Blyden,yblydenl2@youku.com,Male,163.174.32.212
760,Shaylyn,Filliskirk,sfilliskirkl3@apple.com,Female,201.253.253.139
761,Tirrell,Gheraldi,tgheraldil4@netvibes.com,Male,109.89.63.69
762,Seana,Bonafacino,sbonafacinol5@sun.com,Female,254.101.178.218
763,Jewelle,Edmands,jedmandsl6@360.cn,Female,143.27.189.109
764,Milli,Dace,mdacel7@yandex.ru,Female,50.151.189.2
765,Orv,Sommerlin,osommerlinl8@google.com.au,Male,203.229.27.43
766,Tobey,Cready,tcreadyl9@gov.uk,Female,195.168.44.237
767,Cortney,Plows,cplowsla@cam.ac.uk,Female,0.143.232.70
768,Missy,Twiddell,mtwiddelllb@sciencedirect.com,Female,50.205.242.94
769,Joshua,Peaseman,jpeasemanlc@wordpress.com,Male,137.251.198.181
770,Athena,Wortman,awortmanld@time.com,Female,26.240.212.43
771,Jessika,Polsin,jpolsinle@weebly.com,Genderfluid,122.250.241.42
772,Wandis,Sirrell,wsirrelllf@digg.com,Female,240.102.20.176
773,Alejandrina,Penbarthy,apenbarthylg@nps.gov,Female,61.170.165.218
774,Zia,Tewkesberrie,ztewkesberrielh@opensource.org,Female,28.175.89.234
775,Erma,Plank,eplankli@netlog.com,Agender,180.68.52.9
776,Armstrong,Stihl,astihllj@microsoft.com,Male,203.82.248.178
777,Lavena,Broscombe,lbroscombelk@ebay.co.uk,Female,201.25.246.79
778,Coralyn,Stores,cstoresll@pcworld.com,Female,179.194.53.146
779,Pris,De Hoogh,pdehooghlm@statcounter.com,Female,128.73.32.45
780,Reg,Haslock(e),rhaslockeln@dailymotion.com,Male,171.187.243.17
781,Bryanty,Pfeuffer,bpfeufferlo@google.nl,Male,166.118.164.179
782,Marj,Stigers,mstigerslp@hostgator.com,Female,19.79.70.156
783,Adham,Suerz,asuerzlq@addtoany.com,Male,193.32.94.161
784,Witty,Diggons,wdiggonslr@amazonaws.com,Male,96.92.173.142
785,Farlay,Fowlston,ffowlstonls@csmonitor.com,Male,81.80.40.109
786,Ollie,Jarritt,ojarrittlt@foxnews.com,Female,3.199.64.68
787,Nertie,Coenraets,ncoenraetslu@google.ru,Female,139.197.225.255
788,Charmaine,Dochon,cdochonlv@tumblr.com,Female,74.40.15.162
789,Wash,Finney,wfinneylw@statcounter.com,Male,33.55.115.235
790,Godfree,Bagot,gbagotlx@house.gov,Male,202.172.217.86
791,Greggory,Wimmers,gwimmersly@discuz.net,Male,161.104.79.255
792,Kristian,Laydon,klaydonlz@berkeley.edu,Male,115.84.48.158
793,Sibley,Holdforth,sholdforthm0@i2i.jp,Female,69.96.20.95
794,Maura,O'Keevan,mokeevanm1@salon.com,Female,79.33.220.126
795,Lorant,Bridle,lbridlem2@slashdot.org,Male,191.245.9.60
796,Shalne,Ghidotti,sghidottim3@tumblr.com,Female,243.135.68.236
797,Ulric,Clark,uclarkm4@wisc.edu,Male,217.60.175.237
798,Alphonso,De L'Isle,adelislem5@jiathis.com,Male,59.81.106.252
799,Vivyan,Crookes,vcrookesm6@comcast.net,Female,199.225.161.215
800,Kelci,Frosdick,kfrosdickm7@zdnet.com,Female,255.18.103.89
801,Nap,Fancet,nfancetm8@yale.edu,Male,5.126.240.102
802,Ari,Blucher,ablucherm9@fastcompany.com,Male,239.75.164.249
803,Phillis,Beevers,pbeeversma@sphinn.com,Bigender,198.146.75.75
804,Mitchel,Strasse,mstrassemb@slideshare.net,Male,210.204.251.55
805,Meryl,Nannizzi,mnannizzimc@instagram.com,Female,233.176.174.184
806,Starlene,Tampion,stampionmd@fotki.com,Female,151.99.149.178
807,Marshall,Bautiste,mbautisteme@xinhuanet.com,Male,212.99.84.94
808,Georgie,Jerrolt,gjerroltmf@slashdot.org,Male,73.24.195.248
809,Ramsay,Schulze,rschulzemg@netscape.com,Male,190.76.94.98
810,Dody,Patriskson,dpatrisksonmh@gmpg.org,Female,154.139.199.107
811,Radcliffe,Cockayme,rcockaymemi@berkeley.edu,Male,31.43.213.0
812,Cal,Voysey,cvoyseymj@histats.com,Male,126.195.104.89
813,Pam,Bockings,pbockingsmk@paypal.com,Female,46.65.211.174
814,Giralda,Booley,gbooleyml@bbb.org,Female,6.190.14.185
815,Lanny,Sutherington,lsutheringtonmm@virginia.edu,Female,249.151.30.189
816,Zahara,Meeland,zmeelandmn@sourceforge.net,Female,26.83.19.13
817,Minta,Lowne,mlownemo@comcast.net,Female,9.164.179.196
818,Binky,Achurch,bachurchmp@yolasite.com,Male,215.50.153.110
819,Daisi,Goodee,dgoodeemq@spotify.com,Female,154.89.134.93
820,Florentia,Rickhuss,frickhussmr@multiply.com,Female,212.33.84.38
821,Marianne,Caudell,mcaudellms@wiley.com,Female,249.40.162.225
822,Shanon,Cowton,scowtonmt@cloudflare.com,Female,86.60.133.230
823,Easter,Ravens,eravensmu@weibo.com,Female,20.99.45.242
824,Kiele,Mathwen,kmathwenmv@wordpress.org,Female,7.59.25.216
825,Nick,Springall,nspringallmw@addtoany.com,Male,147.20.142.1
826,Jacklyn,Manolov,jmanolovmx@uiuc.edu,Genderqueer,128.196.87.162
827,Jaime,Ben,jbenmy@soundcloud.com,Male,171.102.143.176
828,Jania,Dreschler,jdreschlermz@vinaora.com,Female,115.231.54.123
829,Evangelin,Colin,ecolinn0@cdbaby.com,Female,12.177.186.83
830,Dari,Brittlebank,dbrittlebankn1@java.com,Female,69.175.250.214
831,Chickie,Minkin,cminkinn2@auda.org.au,Male,218.244.255.164
832,Adria,Giraudou,agiraudoun3@hugedomains.com,Female,26.129.147.255
833,Alis,Lelliott,alelliottn4@wix.com,Female,114.72.227.157
834,Myrtle,Albin,malbinn5@goodreads.com,Female,147.187.28.88
835,Thain,Keavy,tkeavyn6@google.es,Male,183.10.1.129
836,Ellary,Lenahan,elenahann7@histats.com,Male,100.182.168.34
837,Zita,Challenor,zchallenorn8@alexa.com,Female,18.188.102.73
838,Giacinta,Kubecka,gkubeckan9@amazon.de,Female,144.17.144.66
839,Wiley,Pearcey,wpearceyna@newyorker.com,Genderqueer,96.227.193.185
840,Benni,Robilart,brobilartnb@salon.com,Female,175.80.196.133
841,Daniela,Dutnell,ddutnellnc@unesco.org,Female,64.39.248.141
842,Bentley,Spykings,bspykingsnd@miitbeian.gov.cn,Male,251.183.78.188
843,Salomon,Bernardelli,sbernardelline@ehow.com,Male,58.181.192.20
844,Emilio,Elsop,eelsopnf@nationalgeographic.com,Male,159.96.93.69
845,Bradley,Elks,belksng@census.gov,Male,0.19.54.51
846,Earl,Gowans,egowansnh@blogtalkradio.com,Bigender,251.156.25.177
847,Jemmy,Sellen,jsellenni@dagondesign.com,Female,27.139.93.150
848,Tedie,Blanche,tblanchenj@networksolutions.com,Male,46.16.31.79
849,Maje,Anthiftle,manthiftlenk@samsung.com,Male,76.242.28.39
850,Durante,Lougheed,dlougheednl@fema.gov,Male,22.30.9.240
851,Tamarah,Heighway,theighwaynm@columbia.edu,Female,234.207.5.68
852,Tracey,Mather,tmathernn@e-recht24.de,Male,215.184.156.118
853,Bab,Bussetti,bbussettino@typepad.com,Non-binary,12.35.178.56
854,Emilee,Shuxsmith,eshuxsmithnp@dailymotion.com,Female,183.91.90.33
855,Julian,Rayhill,jrayhillnq@squidoo.com,Male,96.35.152.236
856,Dall,Perrins,dperrinsnr@domainmarket.com,Male,24.171.186.232
857,Mathew,Edmonstone,medmonstonens@hc360.com,Genderqueer,190.85.54.40
858,Meghan,Yeabsley,myeabsleynt@exblog.jp,Female,123.46.30.129
859,Marlane,Lockery,mlockerynu@addtoany.com,Female,153.117.9.215
860,Lauritz,Busson,lbussonnv@washingtonpost.com,Male,144.254.98.76
861,Wells,Greenland,wgreenlandnw@mapquest.com,Male,31.143.182.101
862,Augustine,Spencer,aspencernx@gmpg.org,Female,83.32.180.102
863,Packston,Armitt,parmittny@howstuffworks.com,Male,233.217.190.12
864,Barr,Caplen,bcaplennz@ca.gov,Male,73.174.67.94
865,Darbie,Ripsher,dripshero0@nbcnews.com,Female,56.113.24.175
866,Brittaney,McCaughey,bmccaugheyo1@narod.ru,Female,10.95.96.201
867,Aland,Van Dalen,avandaleno2@mail.ru,Male,115.24.73.246
868,Etan,Conkay,econkayo3@wunderground.com,Male,71.3.172.203
869,Nowell,Hartzog,nhartzogo4@hugedomains.com,Male,184.113.249.104
870,Linnea,Miners,lminerso5@cam.ac.uk,Female,147.50.93.132
871,Haily,Radnage,hradnageo6@aol.com,Genderfluid,12.45.185.190
872,Francis,Worton,fwortono7@gizmodo.com,Male,65.83.79.82
873,Mallorie,Lawson,mlawsono8@vkontakte.ru,Female,7.102.219.209
874,Karina,Deare,kdeareo9@usa.gov,Female,30.190.173.166
875,Westleigh,Pettko,wpettkooa@tripadvisor.com,Male,160.163.34.87
876,Noelyn,Saines,nsainesob@tripod.com,Female,158.163.64.234
877,Shirlee,Ayshford,sayshfordoc@mlb.com,Female,25.176.202.157
878,Otis,Dreini,odreiniod@spiegel.de,Male,34.115.196.149
879,Roberto,Blooman,rbloomanoe@digg.com,Male,219.27.251.79
880,Fraser,Dietsche,fdietscheof@go.com,Male,215.81.124.120
881,Claiborn,Ealles,ceallesog@sun.com,Agender,139.127.168.93
882,Roxanne,Lowth,rlowthoh@vk.com,Female,87.152.179.221
883,Reeba,Dunklee,rdunkleeoi@wunderground.com,Female,181.20.185.43
884,Conny,Fligg,cfliggoj@posterous.com,Female,18.111.124.166
885,Lulu,Kubatsch,lkubatschok@discovery.com,Female,132.243.226.34
886,Daniel,Bertelmot,dbertelmotol@mail.ru,Male,162.156.71.167
887,Eugenius,Vasiltsov,evasiltsovom@weibo.com,Male,214.27.142.54
888,Terrill,Robatham,trobathamon@nba.com,Male,58.43.115.249
889,Stanley,Stoffer,sstofferoo@nyu.edu,Male,25.54.214.123
890,Dilly,Campanelli,dcampanelliop@hugedomains.com,Male,207.20.168.246
891,Kendra,Delph,kdelphoq@ehow.com,Female,202.84.187.239
892,Sandro,Beardshaw,sbeardshawor@wufoo.com,Male,66.14.90.137
893,Portie,Scottini,pscottinios@ftc.gov,Male,175.135.165.138
894,Amelia,Orsman,aorsmanot@comcast.net,Female,210.114.187.89
895,Lanny,Benduhn,lbenduhnou@amazon.de,Female,208.239.61.113
896,Ashien,Nutbrown,anutbrownov@ocn.ne.jp,Female,121.225.250.96
897,Phineas,Millwater,pmillwaterow@yahoo.com,Male,203.18.221.60
898,Carolus,Perks,cperksox@unblog.fr,Male,167.31.200.87
899,Sayer,Phalp,sphalpoy@boston.com,Male,215.219.215.1
900,Whitaker,O'Finan,wofinanoz@people.com.cn,Male,250.233.240.199
901,Jasmina,Fawdrie,jfawdriep0@friendfeed.com,Female,232.186.54.156
902,Cesaro,Fitzsimons,cfitzsimonsp1@nasa.gov,Male,151.96.0.32
903,Fanchon,Leber,fleberp2@ifeng.com,Female,177.62.249.88
904,Irene,Micheu,imicheup3@gov.uk,Genderqueer,28.39.38.101
905,Giorgia,Bogaert,gbogaertp4@hp.com,Female,242.106.181.239
906,Jermayne,Hartin,jhartinp5@harvard.edu,Male,96.222.62.225
907,Edward,Skingle,eskinglep6@acquirethisname.com,Male,152.36.108.97
908,Willow,Worland,wworlandp7@deviantart.com,Bigender,67.91.96.138
909,Moe,Flecknoe,mflecknoep8@si.edu,Male,137.22.141.135
910,Verene,Vlasov,vvlasovp9@t-online.de,Female,58.148.108.151
911,Frants,Brideau,fbrideaupa@auda.org.au,Male,66.151.9.254
912,Aron,Adamov,aadamovpb@alexa.com,Male,130.43.13.8
913,Jerry,Suttell,jsuttellpc@so-net.ne.jp,Male,174.88.132.195
914,Emily,Duckham,educkhampd@gmpg.org,Female,213.199.78.57
915,Cherish,Gallyon,cgallyonpe@omniture.com,Female,136.229.15.231
916,Mercy,LaBastida,mlabastidapf@comcast.net,Female,46.50.175.222
917,Maye,Monument,mmonumentpg@wsj.com,Female,181.168.225.77
918,Jecho,Prawle,jprawleph@comcast.net,Male,79.228.186.99
919,Bent,Chappelle,bchappellepi@fda.gov,Male,65.76.129.255
920,Allistir,Georgins,ageorginspj@cbc.ca,Male,40.205.112.185
921,Kelsey,Bier,kbierpk@spiegel.de,Male,104.110.119.212
922,Belle,Laffin,blaffinpl@artisteer.com,Female,68.46.89.231
923,Kasper,Bance,kbancepm@google.ca,Male,199.90.6.163
924,Onfroi,Poulson,opoulsonpn@biblegateway.com,Male,51.143.86.112
925,Herby,Shwalbe,hshwalbepo@zdnet.com,Male,222.93.66.216
926,Stesha,Bernakiewicz,sbernakiewiczpp@imgur.com,Female,120.121.61.53
927,Kevan,Mille,kmillepq@home.pl,Male,31.94.53.14
928,Burton,Lineen,blineenpr@homestead.com,Male,30.98.84.231
929,Stanfield,Kingett,skingettps@scribd.com,Male,89.98.200.140
930,Arel,Huetson,ahuetsonpt@tinyurl.com,Male,226.90.70.161
931,Saundra,Schuricht,sschurichtpu@xrea.com,Male,128.122.197.27
932,Gisela,Borzone,gborzonepv@disqus.com,Female,34.98.128.206
933,Rozella,Bywaters,rbywaterspw@stumbleupon.com,Female,187.132.159.39
934,Ora,Whear,owhearpx@booking.com,Female,139.138.117.224
935,Mikol,Dorant,mdorantpy@joomla.org,Male,156.54.63.229
936,Gillan,Langhor,glanghorpz@github.io,Female,23.35.238.255
937,Dwain,Colquyte,dcolquyteq0@spotify.com,Male,186.162.28.241
938,Stormi,Grafom,sgrafomq1@si.edu,Genderqueer,16.226.82.80
939,Gwenni,Sarra,gsarraq2@ed.gov,Female,152.237.14.30
940,Kalinda,Latore,klatoreq3@omniture.com,Female,70.143.181.201
941,Paulita,Kaveney,pkaveneyq4@squidoo.com,Female,77.149.69.73
942,Chantalle,Boughtflower,cboughtflowerq5@marriott.com,Female,139.44.180.141
943,David,Kopje,dkopjeq6@stanford.edu,Male,104.237.90.177
944,Palm,Clemenson,pclemensonq7@un.org,Male,107.236.251.248
945,Vanny,Vanne,vvanneq8@about.me,Female,139.175.239.253
946,Ki,Tuplin,ktuplinq9@acquirethisname.com,Female,164.27.229.37
947,Augustus,Guidoni,aguidoniqa@soundcloud.com,Male,88.147.76.212
948,Hercule,Arlidge,harlidgeqb@issuu.com,Male,64.73.68.87
949,Morlee,Lewcock,mlewcockqc@homestead.com,Male,42.75.200.114
950,Chrisse,Garden,cgardenqd@home.pl,Male,109.230.130.241
951,Toddie,Ambrozewicz,tambrozewiczqe@netscape.com,Male,193.61.19.9
952,Stan,Scare,sscareqf@tamu.edu,Male,17.22.218.73
953,Levey,Acory,lacoryqg@theglobeandmail.com,Bigender,6.91.203.234
954,Kandy,Urch,kurchqh@creativecommons.org,Female,102.166.140.94
955,Frasco,Pickless,fpicklessqi@stanford.edu,Male,82.39.67.220
956,Peria,Frosdick,pfrosdickqj@netlog.com,Agender,48.235.194.202
957,Rochester,Poser,rposerqk@patch.com,Genderfluid,12.209.37.184
958,Ailsun,Priter,apriterql@about.com,Female,130.158.39.205
959,Hedy,Augustin,haugustinqm@who.int,Female,16.69.78.216
960,Chrissy,Kane,ckaneqn@deviantart.com,Male,100.167.22.39
961,Dyanne,McLice,dmcliceqo@jugem.jp,Female,252.250.134.63
962,Manny,Letcher,mletcherqp@bizjournals.com,Male,225.158.169.140
963,Micah,Francello,mfrancelloqq@wufoo.com,Male,232.63.11.230
964,Eveleen,Queyos,equeyosqr@storify.com,Female,165.7.34.87
965,Rina,Pilmore,rpilmoreqs@imdb.com,Female,17.80.188.84
966,Nancey,Bewley,nbewleyqt@army.mil,Female,242.148.148.11
967,Emmaline,Shephard,eshephardqu@spotify.com,Female,172.50.249.220
968,Grazia,Windram,gwindramqv@imgur.com,Female,84.230.82.216
969,Bradley,MacGinney,bmacginneyqw@simplemachines.org,Male,4.65.92.71
970,Clarisse,Winterson,cwintersonqx@comcast.net,Female,23.30.79.141
971,Talbert,Corrin,tcorrinqy@issuu.com,Male,223.45.108.21
972,Josepha,Routledge,jroutledgeqz@comsenz.com,Female,157.211.202.150
973,Adam,Skippon,askipponr0@livejournal.com,Male,236.140.184.109
974,Harrison,Halstead,hhalsteadr1@youtube.com,Bigender,98.233.125.67
975,Julianna,Lerner,jlernerr2@adobe.com,Female,5.245.161.15
976,Carin,Michie,cmichier3@t.co,Female,84.65.23.30
977,Falito,Quakley,fquakleyr4@netlog.com,Male,31.66.159.165
978,Homer,Tenwick,htenwickr5@mac.com,Male,104.123.131.18
979,Cyndia,Rappoport,crappoportr6@naver.com,Female,58.2.233.88
980,Conant,Oxberry,coxberryr7@oakley.com,Male,176.134.103.243
981,Lanita,Sargent,lsargentr8@drupal.org,Female,134.109.108.143
982,Kain,Pearce,kpearcer9@opera.com,Male,124.174.55.113
983,Jermaine,MacFaul,jmacfaulra@epa.gov,Female,193.126.247.48
984,Bobbie,Mumm,bmummrb@usa.gov,Male,28.115.159.6
985,Woodie,Whorlton,wwhorltonrc@gnu.org,Male,86.54.102.120
986,Ivonne,Wase,iwaserd@nhs.uk,Female,73.83.205.159
987,Adelaide,Bowart,abowartre@reddit.com,Female,9.142.178.161
988,Field,Lebell,flebellrf@va.gov,Male,45.16.35.218
989,Nance,Weth,nwethrg@gizmodo.com,Female,159.47.106.6
990,Ada,Lux,aluxrh@weather.com,Non-binary,13.70.186.175
991,Carlie,Terbruggen,cterbruggenri@cisco.com,Female,70.184.196.180
992,Phillis,Thompson,pthompsonrj@aol.com,Female,11.49.203.238
993,Paola,Hackforth,phackforthrk@trellian.com,Female,66.245.77.62
994,Ailee,Frascone,afrasconerl@bloomberg.com,Female,43.29.158.115
995,Hastie,Playdon,hplaydonrm@cbsnews.com,Polygender,107.76.87.216
996,Malinda,Smart,msmartrn@bloglines.com,Female,16.7.32.10
997,Roslyn,Paulisch,rpaulischro@ezinearticles.com,Female,242.82.108.202
998,Mallory,Hallyburton,mhallyburtonrp@smugmug.com,Female,51.11.124.242
999,Waylin,Korba,wkorbarq@stanford.edu,Male,107.163.69.48
1000,Carin,Calvard,ccalvardrr@i2i.jp,Female,170.15.107.192
